Rotation,Split rate,Accuracy,Tree size
1,25,96.20991253644316,29
2,25,97.08454810495627,33
3,25,96.11273080660835,33
4,25,96.50145772594753,31
5,25,96.98736637512148,25
